{
  "iter": 0,
  "space_size": 100,
  "coverage": 0.06,
  "grid": [
    [
      {
        "control": {
          "sequence": 3
        },
        "info": {
          "total": 3,
          "word": "ktixsmuz",
          "words_3": [
            [
              "ism",
              2,
              1,
              0.2475375390765131
            ],
            [
              "tis",
              2,
              1,
              0.07799928252959565
            ],
            [
              "kis",
              1,
              1,
              0.6891610721057756
            ]
          ],
          "words_4": [],
          "words_5": [],
          "words_6": [],
          "words_7": [],
          "words_8": [],
          "short_words_len": 3,
          "long_words_len": 0
        },
        "quality": 0.5555555555555555,
        "diversity": 1.0,
        "controlability": 1.0
      },
      null,
      null,
      null,
      null,
      null,
      null,
      null,
      null,
      null
    ],
    [
      {
        "control": {
          "sequence": 2
        },
        "info": {
          "total": 4,
          "word": "arnycxdl",
          "words_3": [
            [
              "and",
              1,
              1,
              2.049915440988059e-05
            ],
            [
              "any",
              2,
              1,
              0.0007277199815507611
            ],
            [
              "arc",
              2,
              1,
              0.03813867677958284
            ]
          ],
          "words_4": [
            [
              "aryl",
              2,
              1,
              0.5510992671552298
            ]
          ],
          "words_5": [],
          "words_6": [],
          "words_7": [],
          "words_8": [],
          "short_words_len": 4,
          "long_words_len": 0
        },
        "quality": 0.5555555555555555,
        "diversity": 1.0,
        "controlability": 1.0
      },
      {
        "control": {
          "sequence": 5
        },
        "info": {
          "total": 10,
          "word": "wynnvdzs",
          "words_3": [
            [
              "wyn",
              2,
              1,
              0.7610823553528417
            ],
            [
              "wyn",
              3,
              1,
              0.7610823553528417
            ]
          ],
          "words_4": [
            [
              "wyns",
              2,
              0,
              2.0
            ],
            [
              "wynd",
              2,
              1,
              0.925485573720084
            ],
            [
              "wyns",
              3,
              0,
              2.0
            ],
            [
              "wynd",
              3,
              1,
              0.925485573720084
            ],
            [
              "wynn",
              4,
              1,
              0.36671962281555887
            ]
          ],
          "words_5": [
            [
              "wynds",
              2,
              0,
              2.0
            ],
            [
              "wynds",
              3,
              0,
              2.0
            ],
            [
              "wynns",
              4,
              0,
              2.0
            ]
          ],
          "words_6": [],
          "words_7": [],
          "words_8": [],
          "short_words_len": 7,
          "long_words_len": 3
        },
        "quality": 0.4999999998333333,
        "diversity": 1.0,
        "controlability": 1.0
      },
      null,
      null,
      null,
      null,
      null,
      null,
      null,
      null
    ],
    [
      {
        "control": {
          "sequence": 6
        },
        "info": {
          "total": 10,
          "word": "ebeinfut",
          "words_3": [
            [
              "nut",
              2,
              1,
              0.09920565776661713
            ],
            [
              "eft",
              1,
              1,
              0.36589965663916363
            ],
            [
              "but",
              2,
              1,
              0.0002664890073284477
            ],
            [
              "bit",
              1,
              1,
              0.015897094244862398
            ],
            [
              "bin",
              2,
              1,
              0.09534156716035463
            ],
            [
              "bet",
              2,
              1,
              0.07513965048941731
            ],
            [
              "ben",
              2,
              1,
              0.04177727668733665
            ],
            [
              "eft",
              1,
              1,
              0.36589965663916363
            ]
          ],
          "words_4": [
            [
              "bint",
              2,
              1,
              0.8306462358427715
            ],
            [
              "bent",
              2,
              1,
              0.040362835033054885
            ]
          ],
          "words_5": [],
          "words_6": [],
          "words_7": [],
          "words_8": [],
          "short_words_len": 10,
          "long_words_len": 0
        },
        "quality": 0.5555555555555555,
        "diversity": 1.0,
        "controlability": 1.0
      },
      null,
      null,
      null,
      null,
      null,
      null,
      null,
      null,
      null
    ],
    [
      {
        "control": {
          "sequence": 3
        },
        "info": {
          "total": 14,
          "word": "leaxmlge",
          "words_3": [
            [
              "age",
              2,
              1,
              0.0033926100548352382
            ],
            [
              "ale",
              1,
              1,
              0.1462307179828832
            ],
            [
              "axe",
              2,
              1,
              0.1161379593091785
            ],
            [
              "eme",
              1,
              1,
              0.8839850356172808
            ],
            [
              "lag",
              1,
              1,
              0.10375647004561062
            ],
            [
              "lam",
              1,
              1,
              0.20014349408086918
            ],
            [
              "lax",
              2,
              1,
              0.20773843078972992
            ],
            [
              "lee",
              2,
              1,
              0.02702813508942756
            ],
            [
              "leg",
              2,
              1,
              0.034479577717419156
            ],
            [
              "lex",
              2,
              1,
              0.193819504945421
            ],
            [
              "lea",
              3,
              1,
              0.14749141597909085
            ]
          ],
          "words_4": [
            [
              "axle",
              2,
              1,
              0.17954184389893918
            ],
            [
              "lame",
              1,
              1,
              0.15329267667708707
            ],
            [
              "leal",
              3,
              1,
              0.5308358530210628
            ]
          ],
          "words_5": [],
          "words_6": [],
          "words_7": [],
          "words_8": [],
          "short_words_len": 14,
          "long_words_len": 0
        },
        "quality": 0.5555555555555555,
        "diversity": 1.0,
        "controlability": 1.0
      },
      null,
      null,
      null,
      null,
      null,
      null,
      null,
      null,
      null
    ],
    [
      {
        "control": {
          "sequence": 6
        },
        "info": {
          "total": 17,
          "word": "bgepanmu",