{
  "iter": 0,
  "space_size": 100,
  "coverage": 0.05,
  "grid": [
    [
      {
        "control": {
          "sequence": 6
        },
        "info": {
          "total": 4,
          "word": "lgiyvght",
          "words_3": [
            [
              "git",
              2,
              1,
              0.23921488238610158
            ],
            [
              "gig",
              2,
              1,
              0.29456259929277917
            ],
            [
              "lit",
              1,
              1,
              0.05837134218213499
            ]
          ],
          "words_4": [],
          "words_5": [
            [
              "light",
              3,
              1,
              0.00311587147030185
            ]
          ],
          "words_6": [],
          "words_7": [],
          "words_8": [],
          "short_words_len": 3,
          "long_words_len": 1
        },
        "quality": 0.7904637618061546,
        "diversity": 1.0,
        "controlability": 1.0
      },
      null,
      null,
      null,
      null,
      null,
      null,
      null,
      null,
      null
    ],
    [
      {
        "control": {
          "sequence": 3
        },
        "info": {
          "total": 6,
          "word": "rnoofwqp",
          "words_3": [
            [
              "now",
              1,
              1,
              0.0009429611028545072
            ],
            [
              "now",
              2,
              1,
              0.0009429611028545072
            ],
            [
              "noo",
              3,
              1,
              0.5528724440116846
            ],
            [
              "row",
              1,
              1,
              0.027807102957003022
            ],
            [
              "row",
              1,
              1,
              0.027807102957003022
            ]
          ],
          "words_4": [
            [
              "roof",
              3,
              1,
              0.03359811407779429
            ]
          ],
          "words_5": [],
          "words_6": [],
          "words_7": [],
          "words_8": [],
          "short_words_len": 6,
          "long_words_len": 0
        },
        "quality": 0.5555555555555555,
        "diversity": 1.0,
        "controlability": 1.0
      },
      null,
      null,
      null,
      null,
      null,
      null,
      null,
      null,
      null
    ],
    [
      {
        "control": {
          "sequence": 6
        },
        "info": {
          "total": 11,
          "word": "wcammgut",
          "words_3": [
            [
              "gut",
              3,
              1,
              0.10363347511915133
            ],
            [
              "mut",
              2,
              1,
              0.36226105673140985
            ],
            [
              "mut",
              2,
              1,
              0.36226105673140985
            ],
            [
              "amu",
              1,
              1,
              0.47207502690514014
            ],
            [
              "amu",
              2,
              1,
              0.47207502690514014
            ],
            [
              "cut",
              2,
              1,
              0.0077486803669348635
            ],
            [
              "cat",
              2,
              1,
              0.03513555065853534
            ],
            [
              "cam",
              2,
              1,
              0.12274893660636499
            ],
            [
              "cam",
              3,
              1,
              0.12274893660636499
            ],
            [
              "wat",
              1,
              1,
              0.24129554655870444
            ],
            [
              "wag",
              1,
              1,
              0.31396504894173116
            ]
          ],
          "words_4": [],
          "words_5": [],
          "words_6": [],
          "words_7": [],
          "words_8": [],
          "short_words_len": 11,
          "long_words_len": 0
        },
        "quality": 0.5555555555555555,
        "diversity": 0.9166666597222224,
        "controlability": 1.0
      },
      null,
      null,
      null,
      null,
      null,
      null,
      null,
      null,
      null
    ],
    [
      {
        "control": {
          "sequence": 3
        },
        "info": {
          "total": 12,
          "word": "thdjjewn",
          "words_3": [
            [
              "jew",
              3,
              1,
              0.06304514938758776
            ],
            [
              "jew",
              2,
              1,
              0.06304514938758776
            ],
            [
              "den",
              1,
              1,
              0.03663198893045662
            ],
            [
              "dew",
              2,
              1,
              0.12545482498846922
            ],
            [
              "hen",
              1,
              1,
              0.09803720596525393
            ],
            [
              "hew",
              2,
              1,
              0.22102188284733254
            ],
            [
              "ten",
              1,
              1,
              0.006703223492030954
            ],
            [
              "tew",
              2,
              1,
              0.5171526674524676
            ],
            [
              "the",
              2,
              1,
              0.0
            ]
          ],
          "words_4": [
            [
              "hewn",
              3,
              1,
              0.2442576743709322
            ],
            [
              "then",
              2,
              1,
              0.0007789678675754625
            ],
            [
              "thew",
              2,
              0,
              2.0
            ]
          ],
          "words_5": [],
          "words_6": [],
          "words_7": [],
          "words_8": [],
          "short_words_len": 12,
          "long_words_len": 0
        },
        "quality": 0.5277777775231481,
        "diversity": 0.8888888796296298,
        "controlability": 1.0
      },
      null,
      null,
      null,
      null,
      null,
      null,
      null,
      null,
      null
    ],
    [
      {
        "control": {
          "sequence": 5
        },
        "info": {
          "total": 18,
          "word": "obnomqos",