{
  "iter": 0,
  "space_size": 100,
  "coverage": 0.06,
  "grid": [
    [
      {
        "control": {
          "sequence": 6
        },
        "info": {
          "total": 1,
          "word": "givxjsfy",
          "words_3": [
            [
              "ivy",
              2,
              1,
              0.14165940654947984
            ]
          ],
          "words_4": [],
          "words_5": [],
          "words_6": [],
          "words_7": [],
          "words_8": [],
          "short_words_len": 1,
          "long_words_len": 0
        },
        "quality": 0.5555555555555555,
        "diversity": 0.8124999947916667,
        "controlability": 1.0
      },
      null,
      null,
      null,
      null,
      null,
      null,
      null,
      null,
      null
    ],
    [
      {
        "control": {
          "sequence": 4
        },
        "info": {
          "total": 4,
          "word": "eimvpbup",
          "words_3": [
            [
              "pup",
              2,
              1,
              0.286352687951622
            ],
            [
              "imp",
              2,
              1,
              0.2266796494644596
            ],
            [
              "imp",
              2,
              1,
              0.2266796494644596
            ],
            [
              "emu",
              1,
              1,
              0.2934043970686209
            ]
          ],
          "words_4": [],
          "words_5": [],
          "words_6": [],
          "words_7": [],
          "words_8": [],
          "short_words_len": 4,
          "long_words_len": 0
        },
        "quality": 0.5555555555555555,
        "diversity": 1.0,
        "controlability": 1.0
      },
      null,
      null,
      null,
      null,
      null,
      null,
      null,
      null,
      null
    ],
    [
      {
        "control": {
          "sequence": 2
        },
        "info": {
          "total": 11,
          "word": "mdilgitc",
          "words_3": [
            [
              "git",
              3,
              1,
              0.23921488238610158
            ],
            [
              "lit",
              2,
              1,
              0.05837134218213499
            ],
            [
              "dit",
              2,
              1,
              0.2004099830881976
            ],
            [
              "dit",
              2,
              1,
              0.2004099830881976
            ],
            [
              "dig",
              2,
              1,
              0.088238610157331
            ],
            [
              "mic",
              1,
              1,
              0.30023061548711116
            ],
            [
              "mic",
              1,
              1,
              0.30023061548711116
            ],
            [
              "mig",
              1,
              1,
              0.36120535027930095
            ],
            [
              "mil",
              2,
              1,
              0.1454619996925127
            ]
          ],
          "words_4": [
            [
              "milt",
              2,
              1,
              0.4699226156921027
            ]
          ],
          "words_5": [
            [
              "digit",
              3,
              1,
              0.1160867114231538
            ]
          ],
          "words_6": [],
          "words_7": [],
          "words_8": [],
          "short_words_len": 10,
          "long_words_len": 1
        },
        "quality": 0.8463003389517109,
        "diversity": 1.0,
        "controlability": 0.0
      },
      {
        "control": {
          "sequence": 2
        },
        "info": {
          "total": 12,
          "word": "thrutthr",
          "words_3": [
            [
              "rut",
              2,
              1,
              0.3054476502844258
            ],
            [
              "rut",
              3,
              1,
              0.3054476502844258
            ],
            [
              "huh",
              1,
              1,
              0.1709219494695844
            ],
            [
              "hut",
              1,
              1,
              0.06693998872546507
            ],
            [
              "hut",
              2,
              1,
              0.06693998872546507
            ],
            [
              "tut",
              1,
              1,
              0.32457336134884435
            ],
            [
              "tut",
              2,
              1,
              0.32457336134884435
            ]
          ],
          "words_4": [
            [
              "ruth",
              2,
              1,
              0.0648593245528622
            ],
            [
              "ruth",
              3,
              1,
              0.0648593245528622
            ],
            [
              "thru",
              4,
              1,
              0.23038999641264798
            ]
          ],
          "words_5": [
            [
              "truth",
              2,
              1,
              0.006467483216317327
            ],
            [
              "truth",
              3,
              1,
              0.006467483216317327
            ]
          ],
          "words_6": [],
          "words_7": [],
          "words_8": [],
          "short_words_len": 10,
          "long_words_len": 2
        },
        "quality": 0.800942767943957,
        "diversity": 1.0,
        "controlability": 0.0
      },
      null,
      null,
      null,
      null,
      null,
      null,
      null,
      null
    ],
    [
      {
        "control": {
          "sequence": 2
        },
        "info": {
          "total": 14,
          "word": "lagccseq",
          "words_3": [
            [
              "ace",
              1,
              1,
              0.1291856710910675
            ],
            [
              "ace",
              1,
              1,
              0.1291856710910675
            ],
            [
              "age",
              2,
              1,
              0.0033926100548352382
            ],
            [
              "ags",
              2,
              1,
              0.6401578434889561
            ],
            [
              "las",
              2,
              1,
              0.0512273868702916
            ],
            [
              "lac",
              2,
              1,
              0.1911238661405217
            ],
            [
              "lac",
              2,
              1,
              0.1911238661405217
            ],
            [
              "lag",
              3,
              1,
              0.10375647004561062
            ]
          ],
          "words_4": [
            [
              "lase",
              2,
              0,
              2.0
            ],
            [
              "lace",
              2,
              1,
              0.10460718495362066
            ],
            [
              "lacs",
              2,
              1,
              0.48937631322707936
            ],
            [
              "lace",
              2,
              1,
              0.10460718495362066
            ],
            [
              "lacs",
              2,
              1,
              0.48937631322707936
            ],
            [
              "lags",
              3,
              1,
              0.23682673089735048
            ]
          ],
          "words_5": [],
          "words_6": [],
          "words_7": [],
          "words_8": [],
          "short_words_len": 14,
          "long_words_len": 0
        },
        "quality": 0.5317460315249433,
        "diversity": 0.9166666597222224,